level,Topic,Uni,Group,Year,Grade,Host,Location,Topic
一等奖,基于多元数据融合的列车晚点预测系统,中南大学,A,2018,13,长沙理工大学,湖南长沙,智慧与共享
一等奖,基于信息补偿和视认纠偏的地下互通交织段交通安全导控系统,武汉理工大学,A,2018,13,长沙理工大学,湖南长沙,智慧与共享
二等奖,基于蓝牙技术的共享单车规范化停车管理系统,长安大学,A,2018,13,长沙理工大学,湖南长沙,智慧与共享
二等奖,交叉口“盲选车道”设计方法与仿真实现,长沙理工大学,A,2018,13,长沙理工大学,湖南长沙,智慧与共享
二等奖,基于多传感器信息融合的智能停车系统,南京理工大学,A,2018,13,长沙理工大学,湖南长沙,智慧与共享
二等奖,基于私人停车位共享圈的停车方案设计,中南林业科技大学,A,2018,13,长沙理工大学,湖南长沙,智慧与共享
二等奖,儿童智能公交卡设计SCC(Smart Card for Children),长沙理工大学,A,2018,13,长沙理工大学,湖南长沙,智慧与共享
二等奖,基于势能场与社会力模型融合的轨道交通车站应急疏散仿真体系研究,同济大学,A,2018,13,长沙理工大学,湖南长沙,智慧与共享
三等奖,课间学生更换教室耗时分析及教室排课方案优化设计,河海大学,A,2018,13,长沙理工大学,湖南长沙,智慧与共享
三等奖,基于移动感知技术的公交乘客出行信息提取与时空特征挖掘,东南大学,A,2018,13,长沙理工大学,湖南长沙,智慧与共享
三等奖,道路交叉口盲道设计与控制,河南理工大学,A,2018,13,长沙理工大学,湖南长沙,智慧与共享
三等奖,四通道大容量共享单车立体存取站模型设计,西华大学,A,2018,13,长沙理工大学,湖南长沙,智慧与共享
三等奖,基于GISDK和高德地图JS API二次开发的公交可达性综合评价系统,江苏大学,A,2018,13,长沙理工大学,湖南长沙,智慧与共享
三等奖,面向大数据的公共自行车供需分析与调度决策平台,南通大学,A,2018,13,长沙理工大学,湖南长沙,智慧与共享
三等奖,基于数据挖掘的校园共享单车动态调度系统及多功能停取装置,山东建筑大学,A,2018,13,长沙理工大学,湖南长沙,智慧与共享
三等奖,基于重力感应的非机动车待行区与减速提示系统,中国人民公安大学,A,2018,13,长沙理工大学,湖南长沙,智慧与共享
优胜奖,平面信控交叉口左转电动自行车通行空间安全特性研究及宽容设计方法,盐城工学院,A,2018,13,长沙理工大学,湖南长沙,智慧与共享
优胜奖,基于升阻融合垂直轴风轮的高速公路防眩板发电装置,河南科技大学,A,2018,13,长沙理工大学,湖南长沙,智慧与共享
优胜奖,基于元胞自动机的地铁车站乘客上车导向系统,中北大学,A,2018,13,长沙理工大学,湖南长沙,智慧与共享
优胜奖,高速公路收费站可变向车道设计,河南城建学院,A,2018,13,长沙理工大学,湖南长沙,智慧与共享
一等奖,基于细胞吸引子选择的车载自组织网络系统,北京航空航天大学,B,2018,13,长沙理工大学,湖南长沙,智慧与共享
一等奖,面向无人驾驶的智慧路灯定位系统设计,同济大学,B,2018,13,长沙理工大学,湖南长沙,智慧与共享
二等奖,运用于共享单车的自动感应式升降停车柜,武汉理工大学,B,2018,13,长沙理工大学,湖南长沙,智慧与共享
二等奖,基于乐高的码头机电半实物仿真,大连海事大学,B,2018,13,长沙理工大学,湖南长沙,智慧与共享
二等奖,城市轨道交通刚性接触网磨耗测量系统,华东交通大学,B,2018,13,长沙理工大学,湖南长沙,智慧与共享
二等奖,人行横道智能双向预警提示装置,上海海事大学,B,2018,13,长沙理工大学,湖南长沙,智慧与共享
二等奖,“鹰眼卫士”—基于视频的机非人实时轨迹提取与冲突预警,长沙理工大学,B,2018,13,长沙理工大学,湖南长沙,智慧与共享
二等奖,基于嵌入式机器视觉系统的地铁轨道清洁装置,中国矿业大学,B,2018,13,长沙理工大学,湖南长沙,智慧与共享
三等奖,基于道路积水预测的路线规划系统,东南大学,B,2018,13,长沙理工大学,湖南长沙,智慧与共享
三等奖,基于深度学习的智能无人机电子警察系统研究,北方工业大学,B,2018,13,长沙理工大学,湖南长沙,智慧与共享
三等奖,铁路驼峰调车场作业人员安全防护系统研究与设计,兰州交通大学,B,2018,13,长沙理工大学,湖南长沙,智慧与共享
三等奖,优泊——面向用户个性化需求的“一站式”共享泊车系统,西南交通大学峨眉校区,B,2018,13,长沙理工大学,湖南长沙,智慧与共享
三等奖,基于移动闭塞的列车越行优化设计,中北大学,B,2018,13,长沙理工大学,湖南长沙,智慧与共享
三等奖,基于物联网的蜂产品追踪与追溯平台,福建农林大学,B,2018,13,长沙理工大学,湖南长沙,智慧与共享
三等奖,对大型汽车“内轮差”内物体的自动监测与报警系统,长安大学,B,2018,13,长沙理工大学,湖南长沙,智慧与共享
三等奖,基于综合环境感知的隧道智能照明系统设计,南京林业大学,B,2018,13,长沙理工大学,湖南长沙,智慧与共享
优胜奖,基于无人机的低等级公路连续弯道车辆行驶轨迹识别,福建农林大学,B,2018,13,长沙理工大学,湖南长沙,智慧与共享
优胜奖,针对道路视野盲区存在的交通安全问题研究,大连交通大学,B,2018,13,长沙理工大学,湖南长沙,智慧与共享
优胜奖,异质车联网环境下耦合映射跟驰模型的协同控制问题,佛山科学技术学院,B,2018,13,长沙理工大学,湖南长沙,智慧与共享
优胜奖,“V2V”下双向两车道盲区超车的安全性解决方案,山东科技大学,B,2018,13,长沙理工大学,湖南长沙,智慧与共享
一等奖,海上救援用半潜式带缆机器人,大连海事大学,C,2018,13,长沙理工大学,湖南长沙,智慧与共享
一等奖,高速公路遗撒巡检机器人,北京航空航天大学,C,2018,13,长沙理工大学,湖南长沙,智慧与共享
二等奖,基于上海市实车道路大数据的real-world循环工况构建与混动车能耗敏感性分析,上海交通大学,C,2018,13,长沙理工大学,湖南长沙,智慧与共享
二等奖,一种高性能橡胶自密实混凝土路面的设计及断裂模型,河海大学,C,2018,13,长沙理工大学,湖南长沙,智慧与共享
二等奖,“自发光-可自洁”智能仿生水泥路面,长沙理工大学,C,2018,13,长沙理工大学,湖南长沙,智慧与共享
二等奖,无形的手——针对地铁站台间隙的辅助处理系统,华南理工大学,C,2018,13,长沙理工大学,湖南长沙,智慧与共享
二等奖,高分子聚合物混凝土钢桥面铺装材料与结构研究,北京建筑大学,C,2018,13,长沙理工大学,湖南长沙,智慧与共享
二等奖,全地形越障陆空智能车,中国民航大学,C,2018,13,长沙理工大学,湖南长沙,智慧与共享
三等奖,基于智能手环的车辆驾驶员疲劳驾驶预警系统,吉林大学,C,2018,13,长沙理工大学,湖南长沙,智慧与共享
三等奖,铁路运煤敞车抑尘罩设计及其模拟仿真,兰州交通大学,C,2018,13,长沙理工大学,湖南长沙,智慧与共享
三等奖,基于嵌入式系统的大型车辆内轮差预警装置的开发,重庆交通大学,C,2018,13,长沙理工大学,湖南长沙,智慧与共享
三等奖,寒区高速铁路隧道空气幕新型保温系统设计,淮阴工学院,C,2018,13,长沙理工大学,湖南长沙,智慧与共享
三等奖,基于智能无人车的区域共享物流运输系统研究,北方工业大学,C,2018,13,长沙理工大学,湖南长沙,智慧与共享
三等奖,面向电动汽车的自动充电移动服务系统,南京理工大学,C,2018,13,长沙理工大学,湖南长沙,智慧与共享
三等奖,一种大货车视野盲区障碍物智能检测及提醒系统,河南城建学院,C,2018,13,长沙理工大学,湖南长沙,智慧与共享
三等奖,带有顶升和关节双结构的可远程协助式智能搬运车设计,鲁东大学,C,2018,13,长沙理工大学,湖南长沙,智慧与共享
优胜奖,新型特长公路隧道智能救援系统,哈尔滨工业大学（威海）,C,2018,13,长沙理工大学,湖南长沙,智慧与共享
优胜奖,半挂牵引车内轮差半弧形危险区域警示驱离装置,华东交通大学,C,2018,13,长沙理工大学,湖南长沙,智慧与共享
优胜奖,自调式越野仿生车,聊城大学,C,2018,13,长沙理工大学,湖南长沙,智慧与共享
优胜奖,基于脑机接口的智能运载工具——以智能麦克纳姆轮轮椅为例,山东建筑大学,C,2018,13,长沙理工大学,湖南长沙,智慧与共享
一等奖,基于大数据挖掘的空载出租车辅助系统“易搭行”研究与开发,武汉理工大学,D,2018,13,长沙理工大学,湖南长沙,智慧与共享
一等奖,互联网车辆轨迹数据驱动的交叉口排队长度估计及仿真评价,同济大学,D,2018,13,长沙理工大学,湖南长沙,智慧与共享
二等奖,基于TDCS运营数据的铁路通道能力瓶颈识别与仿真消解技术,北京交通大学,D,2018,13,长沙理工大学,湖南长沙,智慧与共享
二等奖,基于网约车数据仿真的信号配时优化算法及应用系统开发,东南大学,D,2018,13,长沙理工大学,湖南长沙,智慧与共享
二等奖,高峰过饱和情况下的地铁协同客流控制方案的计算机编制及其仿真系统,华东交通大学,D,2018,13,长沙理工大学,湖南长沙,智慧与共享
二等奖,基于Hadoop平台的交通状态滚动识别与预测,长沙理工大学,D,2018,13,长沙理工大学,湖南长沙,智慧与共享
二等奖,基于智能手环的驾驶员疲劳、愤怒驾驶异常状态检测和分析系统研发,长安大学,D,2018,13,长沙理工大学,湖南长沙,智慧与共享
二等奖,数据驱动情境下的个性化旅游行程推荐系统,兰州交通大学,D,2018,13,长沙理工大学,湖南长沙,智慧与共享
三等奖,基于分时电价和能耗控制的电动汽车停车场停车充电一体化的智能充电策略及配套系统,华南理工大学,D,2018,13,长沙理工大学,湖南长沙,智慧与共享
三等奖,基于大数据的共享单车投放管理方案研究,北方工业大学,D,2018,13,长沙理工大学,湖南长沙,智慧与共享
三等奖,基于BADA模型的航空器燃油消耗及CO2排放量计算软件,中国民航大学,D,2018,13,长沙理工大学,湖南长沙,智慧与共享
三等奖,基于仿真技术的桥梁损伤智能识别理论,大连海事大学,D,2018,13,长沙理工大学,湖南长沙,智慧与共享
三等奖,基于大数据可视化的区域铁路运输组织态势推演系统,西南交通大学,D,2018,13,长沙理工大学,湖南长沙,智慧与共享
三等奖,基于驾驶模拟技术和车路协同的隧道动态景观设计及评估,北京工业大学,D,2018,13,长沙理工大学,湖南长沙,智慧与共享
三等奖,铁路货车装载超限的无人机视觉检测技术,中南大学,D,2018,13,长沙理工大学,湖南长沙,智慧与共享
三等奖,基于车载激光惯导数据的互通式立交智能共享3D地理信息系统及仿真,福建农林大学,D,2018,13,长沙理工大学,湖南长沙,智慧与共享
优胜奖,基于仿真的盲道优化可行性研究,山东建筑大学,D,2018,13,长沙理工大学,湖南长沙,智慧与共享
优胜奖,大数据背景下的航班延误扩散机理的仿真研究,上海工程技术大学,D,2018,13,长沙理工大学,湖南长沙,智慧与共享
优胜奖,基于火车乘客信息采集与报警的智能装置,中北大学,D,2018,13,长沙理工大学,湖南长沙,智慧与共享
优胜奖,潮汐车道变更机器人系统,辽宁工程技术大学,D,2018,13,长沙理工大学,湖南长沙,智慧与共享
一等奖,多源数据条件下地面公交运行瓶颈识别与动态诊断,东南大学,A,2017,12,同济大学,上海,互联交通
一等奖,城市隧道及高架道路交通事故逆向救援方案,河海大学,A,2017,12,同济大学,上海,互联交通
二等奖,慢行交通系统设计,同济大学,A,2017,12,同济大学,上海,互联交通
二等奖,基于手机大数据的人群聚集预警与综合交通协同管控平台,中南大学,A,2017,12,同济大学,上海,互联交通
二等奖,基于GESTALT心理学的开放校园稳净化设计,武汉理工大学,A,2017,12,同济大学,上海,互联交通
二等奖,基于室内WiFi的停车位精确引导方法和APP开发,青岛理工大学,A,2017,12,同济大学,上海,互联交通
二等奖,基于改进ALINEA算法的城市主干道支路控制及仿真研究,重庆交通大学,A,2017,12,同济大学,上海,互联交通
二等奖,基于3D光栅成像技术的辅助安全驾驶装置,哈尔滨工业大学,A,2017,12,同济大学,上海,互联交通
三等奖,停车泊位预约及反向智能寻车APP,中国人民公安大学,A,2017,12,同济大学,上海,互联交通
三等奖,基于可变线路定制公交软件平台开发,南京林业大学,A,2017,12,同济大学,上海,互联交通
三等奖,基于“互联网+”的城市公共自行车出行规划与动态车辆调度系统设计,兰州交通大学,A,2017,12,同济大学,上海,互联交通
三等奖,基于WiFi探针的轨道车站拥堵点客流参数动态采集与估计技术,上海工程技术大学,A,2017,12,同济大学,上海,互联交通
三等奖,基于全息投影的交通安全设施与信息的概念设计,福建工程学院,A,2017,12,同济大学,上海,互联交通
三等奖,网购商品快递包装的绿色柔性智能化设计,大连海事大学,A,2017,12,同济大学,上海,互联交通
三等奖,接力不停站火车,中北大学,A,2017,12,同济大学,上海,互联交通
三等奖,基于互联网+的城市型定制公交APP系统设计,昆明理工大学,A,2017,12,同济大学,上海,互联交通
优胜奖,北京地铁13号线霍营站大客流疏解优化方案的研究,北京联合大学,A,2017,12,同济大学,上海,互联交通
优胜奖,基于模糊贝叶斯网络的地铁施工风险评估系统开发与管理,大连理工大学,A,2017,12,同济大学,上海,互联交通
优胜奖,针对机动车驾驶员心率失常的分级报警技术,扬州大学,A,2017,12,同济大学,上海,互联交通
优胜奖,“互联网+”时代出租汽车运营管理转型发展模式研究,佛山科学技术学院,A,2017,12,同济大学,上海,互联交通
一等奖,面向大型全自动泊车系统的优化控制方法,同济大学,B,2017,12,同济大学,上海,互联交通
一等奖,基于交叉口航拍视频的机动车交通冲突提取与评价,东南大学,B,2017,12,同济大学,上海,互联交通
二等奖,基于视频检测的城乡结合部路段人-车双向诱导系统,哈尔滨工业大学（威海）,B,2017,12,同济大学,上海,互联交通
二等奖,面向个性化出行需求的跨模式组合出行规划服务系统,北京工业大学,B,2017,12,同济大学,上海,互联交通
二等奖,“互联网+”非触发式信号控制路段过街系统,河南理工大学,B,2017,12,同济大学,上海,互联交通
二等奖,基于“互联交通”冷链物流运力共享与优化,福建农林大学,B,2017,12,同济大学,上海,互联交通
二等奖,基于智能无人机的区域快捷物流运输系统设计与实现,北方工业大学,B,2017,12,同济大学,上海,互联交通
二等奖,车路协同环境下基于经验阻抗函数的系统运行优化,武汉科技大学,B,2017,12,同济大学,上海,互联交通
三等奖,急救车车载氧气设备智能监控系统的设计与实现,南通大学,B,2017,12,同济大学,上海,互联交通
三等奖,“安行者”——基于物联网的交通事故自动报警及道路预警系统,西南交通大学峨眉校区,B,2017,12,同济大学,上海,互联交通
三等奖,基于群组队形柔性保持的多导引多自主车辆协同智能控制技术及其应用,深圳大学,B,2017,12,同济大学,上海,互联交通
三等奖,新能源智能公交站台,山东理工大学,B,2017,12,同济大学,上海,互联交通
三等奖,一种智能公交站台,河南城建学院,B,2017,12,同济大学,上海,互联交通
三等奖,考虑社会车辆信号协调的公交双向绿波带设计及实现,宁波工程学院,B,2017,12,同济大学,上海,互联交通
三等奖,弯道会车预警及油门防误踩装置设计,太原科技大学,B,2017,12,同济大学,上海,互联交通
三等奖,面向泊位分时共享的双层规划模型、算法与应用,苏州科技大学,B,2017,12,同济大学,上海,互联交通
优胜奖,支持甩挂配送的无人车设计,福建农林大学,B,2017,12,同济大学,上海,互联交通
优胜奖,基于多源数据融合的校园交通智能查询与运行优化,深圳大学,B,2017,12,同济大学,上海,互联交通
优胜奖,基于乘客在线预约的公共租赁自行车调度平台,南通大学,B,2017,12,同济大学,上海,互联交通
优胜奖,高速公路交通异常信息预警及计费系统,山东建筑大学,B,2017,12,同济大学,上海,互联交通
一等奖,仿水黾式水上救助平台的设计与研发,大连海事大学,C,2017,12,同济大学,上海,互联交通
一等奖,基于柔性流固耦合结构的减速路面设计,同济大学,C,2017,12,同济大学,上海,互联交通
二等奖,轨道车辆轮重通过式智能化检测装置,中南大学,C,2017,12,同济大学,上海,互联交通
二等奖,环境友好型沥青路面能量高效收集与利用系统,长安大学,C,2017,12,同济大学,上海,互联交通
二等奖,短距起降高荷载多轴扇翼无人机,中国民航大学,C,2017,12,同济大学,上海,互联交通
二等奖,基于微信的地铁一码通支付系统,西南交通大学峨眉校区,C,2017,12,同济大学,上海,互联交通
二等奖,伸缩式公路应急分流桥,中国人民解放军理工大学,C,2017,12,同济大学,上海,互联交通
二等奖,基于互联共享的优质公交服务智能提升平台,北方工业大学,C,2017,12,同济大学,上海,互联交通
三等奖,基于图像处理技术的车载灯光自动跟踪系统,南京林业大学,C,2017,12,同济大学,上海,互联交通
三等奖,基于手机应用的路面损坏及异常状况检测与报告系统开发,大连理工大学,C,2017,12,同济大学,上海,互联交通
三等奖,无人值守铁路道口的交通控制系统设计,中北大学,C,2017,12,同济大学,上海,互联交通
三等奖,高速公路跨越式应急救援疏导车设计,扬州大学,C,2017,12,同济大学,上海,互联交通
三等奖,公路弯道盲区交通情报预警装置,华东交通大学,C,2017,12,同济大学,上海,互联交通
三等奖,长轴距汽车转弯侧向安全区域检测预警系统研究,武汉科技大学,C,2017,12,同济大学,上海,互联交通
三等奖,基于网络的公共车辆火灾监测与破窗系统设计,南京理工大学紫金学院,C,2017,12,同济大学,上海,互联交通
三等奖,基于智能手机与机器学习的道路损伤检测系统,浙江大学,C,2017,12,同济大学,上海,互联交通
优胜奖,地铁维检智能多旋翼飞行器,深圳大学,C,2017,12,同济大学,上海,互联交通
优胜奖,基于活塞风能利用的地铁站内发电系统,内蒙古科技大学,C,2017,12,同济大学,上海,互联交通
优胜奖,基于CAN总线的高速公路应急车道防占用系统,哈尔滨工业大学（威海）,C,2017,12,同济大学,上海,互联交通
优胜奖,基于WiFi探测系统的车辆主动避让技术的实现,安徽三联学院,C,2017,12,同济大学,上海,互联交通
一等奖,基于智能交通的护栏端部防撞救援系统设计,山东交通学院,D,2017,12,同济大学,上海,互联交通
一等奖,车路协同环境下中途放车公交调度优化模型及应用模块开发,大连海事大学,D,2017,12,同济大学,上海,互联交通
二等奖,基于网络云平台的停车管理系统的设计与研发,山东理工大学,D,2017,12,同济大学,上海,互联交通
二等奖,城市道路交叉口视野盲区的热释电红外感技术预警系统,青岛理工大学,D,2017,12,同济大学,上海,互联交通
二等奖,车辆类型与数量的自动检测,大连理工大学,D,2017,12,同济大学,上海,互联交通
二等奖,基于物联网的路面标识绘图机器人,福建农林大学,D,2017,12,同济大学,上海,互联交通
二等奖,面向车路协同环境的电子交通标志研究,南京理工大学,D,2017,12,同济大学,上海,互联交通
二等奖,一种面向交通安全与资源优化的智能阻车桩设计,扬州大学,D,2017,12,同济大学,上海,互联交通
三等奖,基于车路协同技术的信控交叉口可升降减速带设计,青岛理工大学,D,2017,12,同济大学,上海,互联交通
三等奖,E出行-车路协同环境下出行路径规划与诱导系统,合肥工业大学,D,2017,12,同济大学,上海,互联交通
三等奖,寻车宝-基于蓝牙识别的反向寻车系统,重庆交通大学,D,2017,12,同济大学,上海,互联交通
三等奖,基于多维体感信息警示的城市交叉路口安全设施研究,哈尔滨工业大学,D,2017,12,同济大学,上海,互联交通
三等奖,车路协同环境下智能网联汽车多模式云驾驶系统研究,北方工业大学,D,2017,12,同济大学,上海,互联交通
三等奖,车路协同环境下环路交通协调控制与多模式疏散,兰州交通大学,D,2017,12,同济大学,上海,互联交通
三等奖,肉眼易见型交通线路规化研究,河南科技大学,D,2017,12,同济大学,上海,互联交通
三等奖,对城市核心区路网优化的探究,上海海事大学,D,2017,12,同济大学,上海,互联交通
优胜奖,基于RFID的车辆不停车通过无信号交叉口智能装置及其模拟软件系统,南通大学,D,2017,12,同济大学,上海,互联交通
优胜奖,磁悬浮式智能公路隔离栏,辽宁工程技术大学,D,2017,12,同济大学,上海,互联交通
优胜奖,“互联网+”货运实时调度平台,北京航空航天大学,D,2017,12,同济大学,上海,互联交通
优胜奖,基于车路协同的城市/校园道路合流区交通冲突生成机理与优化设计,华南农业大学,D,2017,12,同济大学,上海,互联交通
一等奖,享停车-私人车位智能管理与共享系统,南京理工大学,,2016,11,中南大学,湖南长沙,
一等奖,基于社交媒体大数据的交通感知分析平台,中南大学,,2016,11,中南大学,湖南长沙,
一等奖,面向交通安全与节能的驾驶人状态智能感知与音乐调节APP,北京航空航天大学,,2016,11,中南大学,湖南长沙,
一等奖,基于舒适度的自动驾驶车速控制策略研究,同济大学,,2016,11,中南大学,湖南长沙,
一等奖,基于废旧橡胶气囊的智能化隧道保温技术,东南大学,,2016,11,中南大学,湖南长沙,
一等奖,考虑降雨强度和路面横坡的大空隙沥青混合料渗水性能测试装置的研制,河海大学,,2016,11,中南大学,湖南长沙,
一等奖,面向旅客需求的铁路旅程规划信息系统的设计与实现,西南交通大学,,2016,11,中南大学,湖南长沙,
一等奖,列车伸缩式碰撞吸能装置,中南大学,,2016,11,中南大学,湖南长沙,
二等奖,基于航线优化的环渤海区域低碳运输政策研究及政策效果仿真平台开发,大连海事大学,,2016,11,中南大学,湖南长沙,
二等奖,基于多模式个体出行感知的公共自行车网点布设方法与系统,北京工业大学,,2016,11,中南大学,湖南长沙,
二等奖,电动汽车分时租赁激励调度策略研究,同济大学,,2016,11,中南大学,湖南长沙,
二等奖,货车转弯轨迹仿真及改进措施研究,河北工业大学,,2016,11,中南大学,湖南长沙,
二等奖,小型叉梳承载垂直升降式立体停车库,东北林业大学,,2016,11,中南大学,湖南长沙,
二等奖,信号交叉口可变进出口车道设计,河南城建学院,,2016,11,中南大学,湖南长沙,
二等奖,道路会车视距延伸辅助系统研究,山东建筑大学,,2016,11,中南大学,湖南长沙,
二等奖,基于北斗卫星导航的无人巡逻船系统设计与实现,南通大学,,2016,11,中南大学,湖南长沙,
二等奖,基于微波传感的道路会车预警辅助装置,清华大学,,2016,11,中南大学,湖南长沙,
二等奖,基于机构学天体定位机制的全球航行定位系统,中国民航大学,,2016,11,中南大学,湖南长沙,
二等奖,记录机动车跟进阻塞路口违法行为的系统和方法,大连海事大学,,2016,11,中南大学,湖南长沙,
二等奖,城郊道路路灯照明运行模式与智能控制方法研究,河南城建学院,,2016,11,中南大学,湖南长沙,
二等奖,城市“绿带”——清凉道路铺装新材料,北京建筑大学,,2016,11,中南大学,湖南长沙,
二等奖,新型气泡破冰船的设计与制作,哈尔滨工程大学,,2016,11,中南大学,湖南长沙,
二等奖,蜂窝状充气式升降浮墩,解放军理工大学,,2016,11,中南大学,湖南长沙,
二等奖,智能升降定位索力检测装置研究,武汉理工大学,,2016,11,中南大学,湖南长沙,
二等奖,互联网+背景下的公共自行车新型借还系统,同济大学,,2016,11,中南大学,湖南长沙,
二等奖,水泥混凝土铺面板底接触状况的主动监测方法,南京理工大学,,2016,11,中南大学,湖南长沙,
二等奖,现代有轨电车与地面公交运行协调技术,东南大学,,2016,11,中南大学,湖南长沙,
二等奖,基于百度API的长沙市公交路网数据获取与处理以及路网优化,长沙理工大学,,2016,11,中南大学,湖南长沙,
二等奖,基于大数据的广州地铁客流拥挤度实时预测与发布,华南理工大学,,2016,11,中南大学,湖南长沙,
二等奖,基于时区偏差的旅客列车始发域优化研究,兰州交通大学,,2016,11,中南大学,湖南长沙,
二等奖,非接触式轨距测量系统,中南大学,,2016,11,中南大学,湖南长沙,
三等奖,动态导向标识影响下的轨道交通车站应急疏散仿真体系研究,同济大学,,2016,11,中南大学,湖南长沙,
三等奖,三峡枢纽船舶组织调度优化研究,武汉理工大学,,2016,11,中南大学,湖南长沙,
三等奖,个性化定制公交的系统设计和算法,河海大学,,2016,11,中南大学,湖南长沙,
三等奖,城市间公共交通客运与物流协同运输平台,河南理工大学,,2016,11,中南大学,湖南长沙,
三等奖,山地城市自行车助力通道设计与模拟,重庆交通大学,,2016,11,中南大学,湖南长沙,
三等奖,非机动车智能停车系统的综合设计,西南交通大学,,2016,11,中南大学,湖南长沙,
三等奖,“币来投”智能公交投币箱,南昌大学,,2016,11,中南大学,湖南长沙,
三等奖,环形交叉口交通组织与设计,大连交通大学,,2016,11,中南大学,湖南长沙,
三等奖,基于城市公交毛细网链规划的便捷自行车停放设施设计,青岛理工大学,,2016,11,中南大学,湖南长沙,
三等奖,一种高效的车联网信息安全认证方法,北京航空航天大学,,2016,11,中南大学,湖南长沙,
三等奖,基于多源信息和GIS的危险品运输路径优化系统,兰州州交通大学,,2016,11,中南大学,湖南长沙,
三等奖,基于非侵入式生理检测的驾驶疲劳辨识方法,北方工业大学,,2016,11,中南大学,湖南长沙,
三等奖,LED自适应式潮汐车道转换系统,西南交通大学,,2016,11,中南大学,湖南长沙,
三等奖,“环境性视色盲”自校正灯控系统,武汉理工大学,,2016,11,中南大学,湖南长沙,
三等奖,信号交叉口车辆同步通行模式研究,河南理工大学,,2016,11,中南大学,湖南长沙,
三等奖,基于车路协同的交叉口行车诱导系统设计,北方工业大学,,2016,11,中南大学,湖南长沙,
三等奖,基于RFID技术的应急车辆交叉口闯红灯预警诱导系统,哈尔滨工业大学(威海),,2016,11,中南大学,湖南长沙,
三等奖,双臂式无避让立体车库,河南科技大学,,2016,11,中南大学,湖南长沙,
三等奖,基于富余运力车辆调度优化的个性化定制“互联网+”拼货平台,华南理工大学,,2016,11,中南大学,湖南长沙,
三等奖,未来用于海上低碳运输的智能帆船研究与设计,大连海事大学,,2016,11,中南大学,湖南长沙,
三等奖,具有节能减排功效的汽车复合式消声器系统,东北林业大学,,2016,11,中南大学,湖南长沙,
三等奖,基于大型养路机械的智能铁鞋监控系统,兰州交通大学,,2016,11,中南大学,湖南长沙,
三等奖,可折叠钢座架的设计,西南交通大学峨眉校区,,2016,11,中南大学,湖南长沙,
三等奖,水面桥梁探伤检测两栖平台的设计与研究,哈尔滨工程大学,,2016,11,中南大学,湖南长沙,
三等奖,一种快速轻型链式悬轨水上运输方式,重庆交通大学,,2016,11,中南大学,湖南长沙,
三等奖,爬山火车机械系统设计,大连理工大学,,2016,11,中南大学,湖南长沙,
三等奖,基于WiFi定位技术的分布式交通行为识别系统,长安大学,,2016,11,中南大学,湖南长沙,
三等奖,基于Agent的城市轨道交通站点客流仿真系统,苏州科技大学,,2016,11,中南大学,湖南长沙,
三等奖,地铁减碳优化设计方案-人流疏导及导航流动应用程式,香港城市大学,,2016,11,中南大学,湖南长沙,
三等奖,哈尔滨火车站区域广场及交通综合改造,哈尔滨工业大学,,2016,11,中南大学,湖南长沙,
三等奖,物联网环境下的铁路货运集装单元化管理模式研究,大连科技学院,,2016,11,中南大学,湖南长沙,
三等奖,动车组客舱快速更换模块系统概念性设计,北京工业大学,,2016,11,中南大学,湖南长沙,
三等奖,结合北京地铁的新型地下货运系统ULS模型,清华大学,,2016,11,中南大学,湖南长沙,
一等奖, 地铁大客流动态监测与管控决策系统,中南大学,A,2015,10,华南理工大学,广东广州,和谐交通
一等奖,车联网情境下分布式动态路径诱导系统,兰州交通大学,A,2015,10,华南理工大学,广东广州,和谐交通
二等奖, 一种新型公共自行车系统的研究与应用,山东科技大学,A,2015,10,华南理工大学,广东广州,和谐交通
二等奖,基于车载信号通过交叉路口的辅助决策系统,中南大学,A,2015,10,华南理工大学,广东广州,和谐交通
二等奖,基于韵律感的长大隧道中部视觉环境改善设计,武汉理工大学,A,2015,10,华南理工大学,广东广州,和谐交通
二等奖,长沙理工大学社区支持农业物流方案设计,长沙理工大学,A,2015,10,华南理工大学,广东广州,和谐交通
二等奖,人-车双向引导的公交车智能停靠方案,长安大学,A,2015,10,华南理工大学,广东广州,和谐交通
二等奖,基于Aermod的城市交通排放预测与评价指标构建,上海交通大学,A,2015,10,华南理工大学,广东广州,和谐交通
三等奖,高速公路车堵应急疏导装置,扬州大学,A,2015,10,华南理工大学,广东广州,和谐交通
三等奖,集约型公共自行车租赁设施设计,北京工业大学,A,2015,10,华南理工大学,广东广州,和谐交通
三等奖,基于用户异质性的HOT车道动态收费研究——以阜石路快速路为例,北方工业大学,A,2015,10,华南理工大学,广东广州,和谐交通
三等奖,高速公路不停车收费系统（ETC）的改进研究,西南交通大学峨眉校区,A,2015,10,华南理工大学,广东广州,和谐交通
三等奖,城市公交停靠站耗时模型研究,太原科技大学,A,2015,10,华南理工大学,广东广州,和谐交通
三等奖,基于GPS数据的出租车行程参数研究及应用,哈尔滨工业大学,A,2015,10,华南理工大学,广东广州,和谐交通
三等奖,中小学生合乘出行信息交互平台构建的创新性研究,吉林大学,A,2015,10,华南理工大学,广东广州,和谐交通
三等奖,基于综合大交通的旅客多式联运路径选择模型与软件研究,上海师范大学天华学院,A,2015,10,华南理工大学,广东广州,和谐交通
优胜奖,基于RFID技术的公交乘客拥挤度确定及电子站牌界面显示设计,西安建筑科技大学,A,2015,10,华南理工大学,广东广州,和谐交通
优胜奖,新秩序公交站台及其配套设计,大连理工大学,A,2015,10,华南理工大学,广东广州,和谐交通
优胜奖,无人机在高速公路应急救援领域应用研究,新乡学院,A,2015,10,华南理工大学,广东广州,和谐交通
优胜奖,大学校园轨道交通规划设计与可行性研究,深圳大学,A,2015,10,华南理工大学,广东广州,和谐交通
一等奖,竖曲线道路会车辅助装置,河海大学,B,2015,10,华南理工大学,广东广州,和谐交通
一等奖,车联网环境下可变行驶方向车道动态控制方法研究,华南理工大学,B,2015,10,华南理工大学,广东广州,和谐交通
二等奖,列车“乘务宝”——便携式列车卧铺票务管理终端,西南交通大学峨眉校区,B,2015,10,华南理工大学,广东广州,和谐交通
二等奖,碟形水下滑翔机的设计与制作,大连海事大学,B,2015,10,华南理工大学,广东广州,和谐交通
二等奖,基于半导体激光吸收光谱技术的酒驾遥测系统研究,哈尔滨工业大学,B,2015,10,华南理工大学,广东广州,和谐交通
二等奖,“星形”同步左转信号控制方案设计及仿真,武汉科技大学,B,2015,10,华南理工大学,广东广州,和谐交通
二等奖,基于RFID技术的智能反向寻车系统研究与开发,重庆交通大学,B,2015,10,华南理工大学,广东广州,和谐交通
二等奖,专用车位短时智能出租系统,山东建筑大学,B,2015,10,华南理工大学,广东广州,和谐交通
三等奖,面向智慧交通的烟雾检测安全云平台构建,华南理工大学,B,2015,10,华南理工大学,广东广州,和谐交通
三等奖,中控节能车库行车引导系统,上海工程技术大学,B,2015,10,华南理工大学,广东广州,和谐交通
三等奖,基于三维激光扫描技术的道路标线智“绘”系统,北京工业大学,B,2015,10,华南理工大学,广东广州,和谐交通
三等奖,盲人地铁出行辅助系统,南京理工大学,B,2015,10,华南理工大学,广东广州,和谐交通
三等奖,基于自动车辆定位系统及自动付费系统的公交智能调度系统,大连理工大学,B,2015,10,华南理工大学,广东广州,和谐交通
三等奖,基于车联网的交叉口汽车防抢行监控预警系统,吉林大学,B,2015,10,华南理工大学,广东广州,和谐交通
三等奖,基于智能移动端的驾驶员手持电话行为预防控制软件设计,西藏大学,B,2015,10,华南理工大学,广东广州,和谐交通
三等奖,高速公路循迹警示装置,河南理工大学,B,2015,10,华南理工大学,广东广州,和谐交通
优胜奖,基于闭环控制的CNG发动机点火提前器设计说明书,华南农业大学,B,2015,10,华南理工大学,广东广州,和谐交通
优胜奖,基于风速检测的高速铁路预警系统,南京理工大学,B,2015,10,华南理工大学,广东广州,和谐交通
优胜奖,一种夜间路段行人过街安全提示系统,河南城建学院,B,2015,10,华南理工大学,广东广州,和谐交通
优胜奖,基于CSS射频技术的车辆定位系统开发,广州大学,B,2015,10,华南理工大学,广东广州,和谐交通
一等奖,驾驶分心检测装置的设计及应用,北京理工大学,C,2015,10,华南理工大学,广东广州,和谐交通
一等奖,生命的彩虹——浮空式应急救援通道,解放军理工大学,C,2015,10,华南理工大学,广东广州,和谐交通
二等奖,基于空气伞原理的铁路道岔防雪系统,西南交通大学,C,2015,10,华南理工大学,广东广州,和谐交通
二等奖,铁路铁轨扣件螺母松动警示装置,中南大学,C,2015,10,华南理工大学,广东广州,和谐交通
二等奖,公交车扶手的人性化设计,华中科技大学,C,2015,10,华南理工大学,广东广州,和谐交通
二等奖,高速公路智能护栏的系统设计与实现,同济大学,C,2015,10,华南理工大学,广东广州,和谐交通
二等奖,三维虚拟环境下公路智能交互选线及仿真评价系统,昆明理工大学,C,2015,10,华南理工大学,广东广州,和谐交通
二等奖,具有避让列车功能的全自动铁路轨道检测机器人,华东交通大学,C,2015,10,华南理工大学,广东广州,和谐交通
三等奖,公路声屏障优化设计,贵州大学,C,2015,10,华南理工大学,广东广州,和谐交通
三等奖,可见光光催化吃“烟”路面,上海海事大学,C,2015,10,华南理工大学,广东广州,和谐交通
三等奖,基于高速公路动态气幕研究的雾、霾三级净化系统设计,青岛理工大学,C,2015,10,华南理工大学,广东广州,和谐交通
三等奖,基于集料——沥青界面改性的沥青路面性能改善方法研究,华南理工大学,C,2015,10,华南理工大学,广东广州,和谐交通
三等奖,汽车开门危险性分级及分级预警系统,南京理工大学,C,2015,10,华南理工大学,广东广州,和谐交通
三等奖,基于液压阻尼器的速度敏感型减速带设计,哈尔滨工业大学（威海）,C,2015,10,华南理工大学,广东广州,和谐交通
三等奖,新型微气泡减阻船设计研究,重庆交通大学,C,2015,10,华南理工大学,广东广州,和谐交通
三等奖,抑尘减霾功能型道路铺装新材料,北京建筑大学,C,2015,10,华南理工大学,广东广州,和谐交通
优胜奖, 太阳能温差发电节能路灯,浙江农林大学暨阳学院,C,2015,10,华南理工大学,广东广州,和谐交通
优胜奖,带操纵稳定性控制的遥控四轮转向模型车设计,山东理工大学,C,2015,10,华南理工大学,广东广州,和谐交通
优胜奖,基于动力主动控制的电控山地果园轮式运输机,华南农业大学,C,2015,10,华南理工大学,广东广州,和谐交通
优胜奖, 一种可实现车客载运空间动态转换的新型列车车厢设计,扬州大学,C,2015,10,华南理工大学,广东广州,和谐交通
一等奖,主动交通组织方案研究——以陆家嘴CBD为例,同济大学,D,2015,10,华南理工大学,广东广州,和谐交通
一等奖,城市CBD地区交通组织设计优化—北京CBD公共自行车交通组织优化设计研究,北京工业大学,D,2015,10,华南理工大学,广东广州,和谐交通
二等奖,CBD地区信号交叉口行人过街交通行为督导系统,西南交通大学,D,2015,10,华南理工大学,广东广州,和谐交通
二等奖,兰州市CBD地区交通组织设计优化,兰州交通大学,D,2015,10,华南理工大学,广东广州,和谐交通
二等奖,城市自行车道路路段服务水平研究,北京建筑大学,D,2015,10,华南理工大学,广东广州,和谐交通
二等奖,关于行人快速路的设计与研究,扬州大学,D,2015,10,华南理工大学,广东广州,和谐交通
二等奖,基于UC-win/Road的不同路况下手机使用对驾驶员行为影响的研究,上海交通大学,D,2015,10,华南理工大学,广东广州,和谐交通
二等奖,城市CBD地区交通标线优化设计,东南大学,D,2015,10,华南理工大学,广东广州,和谐交通
三等奖,汉口王家墩CBD地铁枢纽与地上公交衔接方案设计,武汉理工大学,D,2015,10,华南理工大学,广东广州,和谐交通
三等奖,基于EMBEV模型和Paramics仿真模型的城市道路优化设计,北京航空航天大学,D,2015,10,华南理工大学,广东广州,和谐交通
三等奖,面向CBD的路口交通信息检测与发布系统,长安大学,D,2015,10,华南理工大学,广东广州,和谐交通
三等奖,广州市天河区CBD交通组织优化设计,华南理工大学,D,2015,10,华南理工大学,广东广州,和谐交通
三等奖,地铁开通后公交专用道限时方案优化研究——以大连市黄河路西安路至西南路路段为例,大连海事大学,D,2015,10,华南理工大学,广东广州,和谐交通
三等奖,基于重力感应的商业中心区步行街与城市干路交叉口的组织优化,河南城建学院,D,2015,10,华南理工大学,广东广州,和谐交通
三等奖,考虑能耗与排放的CBD交通组织优化,哈尔滨工业大学（威海）,D,2015,10,华南理工大学,广东广州,和谐交通
三等奖,基于自行车道左置的平面交叉口渠化设计,北方工业大学,D,2015,10,华南理工大学,广东广州,和谐交通
优胜奖,淄博市核心区交通组织设计优化,山东理工大学,D,2015,10,华南理工大学,广东广州,和谐交通
优胜奖,城市CBD地区无信号灯交叉口平面渠化设计,内蒙古农业大学,D,2015,10,华南理工大学,广东广州,和谐交通
优胜奖,南昌CBD地区红绿灯的优化设计,华东交通大学,D,2015,10,华南理工大学,广东广州,和谐交通
优胜奖,中心城区路口交通设施杆件一体化规划设计研究,上海海事大学,D,2015,10,华南理工大学,广东广州,和谐交通
一等奖,降解交通车辆尾气污染的光催化材料效能测试装置,长沙理工大学,,2013,8,北京工业大学,北京,顺畅交通
一等奖,综合性铁路立体货场概念性规划设计,兰州交通大学 ,,2013,8,北京工业大学,北京,顺畅交通
一等奖,航模辅助道路交通目标坐标轨迹提取技术及系统软硬件开发,东南大学 ,,2013,8,北京工业大学,北京,顺畅交通
一等奖,智能交警指挥手套,合肥工业大学,,2013,8,北京工业大学,北京,顺畅交通
一等奖,集装箱组合装车优化及偏载实时监控系统 ,西南交通大学 ,,2013,8,北京工业大学,北京,顺畅交通
一等奖,音乐公路模拟试验与计算机仿真研究,重庆交通大学 ,,2013,8,北京工业大学,北京,顺畅交通
一等奖,装配式公路钢桥预应力提载系统 ,中国人民解放军理工大学,,2013,8,北京工业大学,北京,顺畅交通
一等奖,基于手机软件的居民出行调查 ,同济大学 ,,2013,8,北京工业大学,北京,顺畅交通
二等奖,自动分离式防撞中央隔离栏设计 ,武汉理工大学 ,,2013,8,北京工业大学,北京,顺畅交通
二等奖,B2-公交车传递公共自行车系统的研究与设计 ,北京工业大学 ,,2013,8,北京工业大学,北京,顺畅交通
二等奖,非接触式电动车供电系统 ,中国民航大学 ,,2013,8,北京工业大学,北京,顺畅交通
二等奖,高铁—公路旅游客运衔接网络设计——以武广高铁湖南段为例 ,长沙理工大学,,2013,8,北京工业大学,北京,顺畅交通
二等奖,节能高效的平行式停车泊位施划方法研究 ,北京工业大学 ,,2013,8,北京工业大学,北京,顺畅交通
二等奖,城市轨道交通三维设计系统研究与开发 ,石家庄铁道大学 ,,2013,8,北京工业大学,北京,顺畅交通
二等奖,交通时空分布特性的多智能体仿真与错时通勤实施效果评估 ,东南大学 ,,2013,8,北京工业大学,北京,顺畅交通
二等奖,智能型调拨车道标线标志控制系统之可行性探讨 ,高雄第一科技大学,,2013,8,北京工业大学,北京,顺畅交通
二等奖,基于北斗的道路信息采集和发布系统 ,北京航空航天大学 ,,2013,8,北京工业大学,北京,顺畅交通
二等奖,基于无线视频传感器的路面裂缝信息感知技术研究 ,东南大学 ,,2013,8,北京工业大学,北京,顺畅交通
二等奖,冰雪条件下跟驰模型及仿真研究 ,哈尔滨工业大学 ,,2013,8,北京工业大学,北京,顺畅交通
二等奖,汽车智能撒沙防滑装置 ,东北林业大学 ,,2013,8,北京工业大学,北京,顺畅交通
二等奖,自然光与太阳能组合式隧道智能照明及其监控管理系统 ,北京交通大学 ,,2013,8,北京工业大学,北京,顺畅交通
二等奖,基于新型绿色高端的两轮自平衡电动车的设计,德州学院 ,,2013,8,北京工业大学,北京,顺畅交通
二等奖,基于车联网电子车牌技术（RFID）的城市交通监控服务系统 ,西南交通大学 ,,2013,8,北京工业大学,北京,顺畅交通
二等奖,基于LTE技术的新能源公交远程实时车况监控系统研究 ,长安大学 ,,2013,8,北京工业大学,北京,顺畅交通
二等奖,出租车合乘智能调度的研究及系统开发 ,北京交通大学 ,,2013,8,北京工业大学,北京,顺畅交通
二等奖,智慧城市“交通云”服务平台 ,西南交通大学,,2013,8,北京工业大学,北京,顺畅交通
二等奖,基于多传感器的路面平整度检测系统研发 ,同济大学 ,,2013,8,北京工业大学,北京,顺畅交通
二等奖,协助顺畅出行的多功能折叠自行车研制 ,中南大学 ,,2013,8,北京工业大学,北京,顺畅交通
二等奖,基于大型游戏引擎的道路工程地形图三维仿真及应用 ,大连理工大学 ,,2013,8,北京工业大学,北京,顺畅交通
二等奖,基于机动车音频信号的交通状态判别与车型识别系统——Sound Road,中山大学 ,,2013,8,北京工业大学,北京,顺畅交通
二等奖,路面柔性减速带装置的设计与应用 ,中国人民解放军理工大学 ,,2013,8,北京工业大学,北京,顺畅交通
二等奖,基于车路协同的安全自动车辆驾驶系统 ,南通大学 ,,2013,8,北京工业大学,北京,顺畅交通
三等奖,车辆载重实时监测与监控系统 ,青岛理工大学 ,,2013,8,北京工业大学,北京,顺畅交通
三等奖,道面云端管理系统设计开发与应用研究 ,中国民航大学 ,,2013,8,北京工业大学,北京,顺畅交通
三等奖,基于法契纳效应的高速公路限速方法的研究 ,武汉理工大学 ,,2013,8,北京工业大学,北京,顺畅交通
三等奖,酒驾车辆自主提醒系统设计与实现 ,北方工业大学 ,,2013,8,北京工业大学,北京,顺畅交通
三等奖,基于九宫格的抽式自动停车系统设计 ,武汉科技大学 ,,2013,8,北京工业大学,北京,顺畅交通
三等奖,基于移动终端的信号控制监测与评价系统 ,北京工业大学 ,,2013,8,北京工业大学,北京,顺畅交通
三等奖,太阳能藏汉双语停车诱导系统 ,西藏大学 ,,2013,8,北京工业大学,北京,顺畅交通
三等奖,基于GIS的飞机进出港动态显示系统 ,中国民航大学 ,,2013,8,北京工业大学,北京,顺畅交通
三等奖,基于GPS数据的出租车乘客时空出行特性 ,哈尔滨工业大学 ,,2013,8,北京工业大学,北京,顺畅交通
三等奖,汽车玻璃振碎装置,浙江农林大学天目学院 ,,2013,8,北京工业大学,北京,顺畅交通
三等奖,基于监测信息的LED可变信息情报板节能控制优化 ,哈尔滨工业大学（威海） ,,2013,8,北京工业大学,北京,顺畅交通
三等奖,城市公交客流信息管理与应用系统 ,吉林大学 ,,2013,8,北京工业大学,北京,顺畅交通
三等奖,面向保险车联网的车载信息终端研制及数据分析模型开发 ,合肥工业大学 ,,2013,8,北京工业大学,北京,顺畅交通
三等奖,基于手机Android系统的交通调查平台设计与开发 ,桂林电子科技大学 ,,2013,8,北京工业大学,北京,顺畅交通
三等奖,环保型融冰雪路面系统实现及负荷能力设计 ,合肥工业大学 ,,2013,8,北京工业大学,北京,顺畅交通
三等奖,车路协同环境下的交通信号协调控制技术 ,哈尔滨工业大学 ,,2013,8,北京工业大学,北京,顺畅交通
三等奖,基于通视距离监测的高速公路团雾预警装置 ,重庆交通大学 ,,2013,8,北京工业大学,北京,顺畅交通
三等奖,基于VISSIM仿真实验的平面信号交叉口直行待行区设置研究 ,山东理工大学 ,,2013,8,北京工业大学,北京,顺畅交通
三等奖,基于协同运输理论的跨界运输车设计 ,长安大学 ,,2013,8,北京工业大学,北京,顺畅交通
三等奖,快速路面铺装设计 ,清华大学 ,,2013,8,北京工业大学,北京,顺畅交通
三等奖,基于主动信息发布的城市道路积水预警系统 ,长安大学 ,,2013,8,北京工业大学,北京,顺畅交通
三等奖,交叉口群混合交通流优化及仿真 ,北京交通大学 ,,2013,8,北京工业大学,北京,顺畅交通
三等奖,基于多孔隙沥青的道路除冰技术探究 ,河南理工大学 ,,2013,8,北京工业大学,北京,顺畅交通
三等奖,基于PC-CRASH的公路避险车道安全性评价仿真建模 ,西华大学 ,,2013,8,北京工业大学,北京,顺畅交通
三等奖,同一列车不同席位分段拼接售票策略 ,中南大学 ,,2013,8,北京工业大学,北京,顺畅交通
三等奖,长途客车超员报警系统 ,大连交通大学 ,,2013,8,北京工业大学,北京,顺畅交通
三等奖,基于仿真模拟的大跨度桥梁交通风险评估 ,上海交通大学 ,,2013,8,北京工业大学,北京,顺畅交通
三等奖,交通信号灯智能清洗系统 ,南京林业大学 ,,2013,8,北京工业大学,北京,顺畅交通
三等奖,基于移动终端的出租车智能呼叫平台 ,中南大学 ,,2013,8,北京工业大学,北京,顺畅交通
三等奖,基于手机终端的交通数据实时采集与分析系统 ,大连交通大学 ,,2013,8,北京工业大学,北京,顺畅交通
三等奖,基于公交车辆到达顺序检测的公交停靠站设计 ,华中科技大学 ,,2013,8,北京工业大学,北京,顺畅交通
三等奖,基于潮汐交通的多功能车道研究,华中科技大学 ,,2013,8,北京工业大学,北京,顺畅交通
一等奖,Open-LIO交通信号控制教学实验系统,北京工业大学,,2012,7,东南大学,江苏南京,智慧交通，绿色交通
一等奖,基于实时状态感知的公交干线交叉口绿波协同控制模型及系统开发,东南大学,,2012,7,东南大学,江苏南京,智慧交通，绿色交通
一等奖,道路危险品运输实时监控及应急救援系统开发,西南交通大学,,2012,7,东南大学,江苏南京,智慧交通，绿色交通
一等奖,基于Solidworks的多用途概念货车设计,兰州交通大学,,2012,7,东南大学,江苏南京,智慧交通，绿色交通
一等奖,大连市出租车合乘收费模式的研究,大连交通大学,,2012,7,东南大学,江苏南京,智慧交通，绿色交通
一等奖,事故多发路段行车安全隐患检测与警示系统,中南大学,,2012,7,东南大学,江苏南京,智慧交通，绿色交通
一等奖,适用于交通调查的数码影像设备自动升降机构,大连理工大学,,2012,7,东南大学,江苏南京,智慧交通，绿色交通
一等奖,城市交通控制“硬件在环”仿真设计与实现,同济大学,,2012,7,东南大学,江苏南京,智慧交通，绿色交通
二等奖,面向计算机视觉的交通语言设计与检测,华南理工大学,,2012,7,东南大学,江苏南京,智慧交通，绿色交通
二等奖,面向短期停车需求的可移动式立体停车设施设计,东南大学,,2012,7,东南大学,江苏南京,智慧交通，绿色交通
二等奖,基于地铁隧道消防设备的绿色活塞风能利用系统,清华大学,,2012,7,东南大学,江苏南京,智慧交通，绿色交通
二等奖,机场跑道助航灯风声发电装置,华南农业大学,,2012,7,东南大学,江苏南京,智慧交通，绿色交通
二等奖,新型浮式组合跨海大桥,武汉理工大学,,2012,7,东南大学,江苏南京,智慧交通，绿色交通
二等奖,基于安全感知范围的自行车运动建模与仿真,北京理工大学,,2012,7,东南大学,江苏南京,智慧交通，绿色交通
二等奖,基于可视化模拟的危险区绕飞及航迹优化处理,中国民航大学,,2012,7,东南大学,江苏南京,智慧交通，绿色交通
二等奖,汽车智能型油门防误踩装置 ,东北林业大学,,2012,7,东南大学,江苏南京,智慧交通，绿色交通
二等奖,骑行如飞——空中慢行廊道设计,北京工业大学,,2012,7,东南大学,江苏南京,智慧交通，绿色交通
二等奖,公交出行方案综合评价系统,北京理工大学,,2012,7,东南大学,江苏南京,智慧交通，绿色交通
二等奖,吊轨式立体停车成套系统的设计,清华大学,,2012,7,东南大学,江苏南京,智慧交通，绿色交通
二等奖,单旋翼飞行器导流控制 北京航空航天大学 二等奖,北京航空大学,,2012,7,东南大学,江苏南京,智慧交通，绿色交通
二等奖,汽车起步盲点区域红外探测警报系统 吉林大学 二等奖,吉林大学,,2012,7,东南大学,江苏南京,智慧交通，绿色交通
二等奖,高速公路汽车智能限速系统 中南大学 二等奖,中南大学,,2012,7,东南大学,江苏南京,智慧交通，绿色交通
二等奖,基于GPS的列车接近预警系统 西南交通大学 二等奖,西南交通大学,,2012,7,东南大学,江苏南京,智慧交通，绿色交通
二等奖,初残冬特殊路段结冰积雪预警与自融技术研究,同济大学,,2012,7,东南大学,江苏南京,智慧交通，绿色交通
二等奖,汽车电气火灾断电保护系统,吉林大学,,2012,7,东南大学,江苏南京,智慧交通，绿色交通
二等奖,逻辑电路在客运公交车中的安全运用,河海大学,,2012,7,东南大学,江苏南京,智慧交通，绿色交通
二等奖,基于GPS定位的多模式交通方式组合判定技术,大连交通大学,,2012,7,东南大学,江苏南京,智慧交通，绿色交通
二等奖,超轻木质集料混合料,长安大学,,2012,7,东南大学,江苏南京,智慧交通，绿色交通
二等奖,基于GPS的公交车到站时间实时预测技术和面向手机平台的发布系统,大连交通大学,,2012,7,东南大学,江苏南京,智慧交通，绿色交通
二等奖,基于模糊控制和神经网络算法的单路**通信号控制系统,天津大学,,2012,7,东南大学,江苏南京,智慧交通，绿色交通
二等奖,基于客流分析的轨道交通运行方案编制与评估系统,北京交通大学,,2012,7,东南大学,江苏南京,智慧交通，绿色交通
二等奖,公路LED信息板“黑洞效应”解决方案研究,同济大学,,2012,7,东南大学,江苏南京,智慧交通，绿色交通
三等奖,基于Google Earth的三维铁路选线方法研究,石家庄铁道大学,,2012,7,东南大学,江苏南京,智慧交通，绿色交通
三等奖,铁路列车运行防追尾控制系统的仿真与实现,北方工业大学,,2012,7,东南大学,江苏南京,智慧交通，绿色交通
三等奖,新型硬轮自行车、电动车研发,上海海事大学,,2012,7,东南大学,江苏南京,智慧交通，绿色交通
三等奖,北京市轨道交通站点停车换乘满意度研究——以天通苑北站为例,北京建筑工程学院,,2012,7,东南大学,江苏南京,智慧交通，绿色交通
三等奖,城市出租车系统综合完备度指数（TSGI）研究及基于GIS平台实现 ,上海交通大学,,2012,7,东南大学,江苏南京,智慧交通，绿色交通
三等奖,基于Zigbee技术的高速公路防追尾装置,天津大学,,2012,7,东南大学,江苏南京,智慧交通，绿色交通
三等奖,城市公交信息综合服务系统,清华大学,,2012,7,东南大学,江苏南京,智慧交通，绿色交通
三等奖,基于移动设备的居民出行调查辅助系统设计,南京林业大学,,2012,7,东南大学,江苏南京,智慧交通，绿色交通
三等奖,出租车自主呼叫系统,南京理工大学,,2012,7,东南大学,江苏南京,智慧交通，绿色交通
三等奖,基于GPS/GSM的园区牵引导盲车的开发研究,河南理工大学,,2012,7,东南大学,江苏南京,智慧交通，绿色交通
三等奖,基于脚步发电的发光斑马线设备原型研究,长沙理工大学,,2012,7,东南大学,江苏南京,智慧交通，绿色交通
三等奖,道路试验驾驶机器人原型系统开发,北京航空航天大学,,2012,7,东南大学,江苏南京,智慧交通，绿色交通
三等奖,复杂立交及其衔接段指路标志设计  ,华南理工大学,,2012,7,东南大学,江苏南京,智慧交通，绿色交通
三等奖,校车超载和儿童遗漏的车载智能防护系统设计,中南大学,,2012,7,东南大学,江苏南京,智慧交通，绿色交通
三等奖,基于蓝牙通信的公交车信息发布系统设计与实现,北京交通大学,,2012,7,东南大学,江苏南京,智慧交通，绿色交通
三等奖,眼动仪在改善干线公路指路标志中的应用研究 ,河北工业大学,,2012,7,东南大学,江苏南京,智慧交通，绿色交通
三等奖,道路交通噪声查询与发布系统,中山大学,,2012,7,东南大学,江苏南京,智慧交通，绿色交通
三等奖,基于智能认知的交通场景模型及信息实时提取,东南大学,,2012,7,东南大学,江苏南京,智慧交通，绿色交通
三等奖,双能路灯控制系统设计 ,南京农业大学,,2012,7,东南大学,江苏南京,智慧交通，绿色交通
三等奖,基于感知悬架载荷的车辆防侧翻控制策略研究,重庆交通大学,,2012,7,东南大学,江苏南京,智慧交通，绿色交通
三等奖,基于驾驶模拟实验的线性诱导标效用评价,北京工业大学,,2012,7,东南大学,江苏南京,智慧交通，绿色交通
三等奖,集料颗粒形状的定量化描述研究 ,东南大学,,2012,7,东南大学,江苏南京,智慧交通，绿色交通
三等奖,基于视频的交通标志捕获识别与驾驶提醒系统,桂林电子科技大学,,2012,7,东南大学,江苏南京,智慧交通，绿色交通
三等奖,水泥混凝土内部相对湿度测量系统的研发及室内试验验证,哈尔滨工业大学,,2012,7,东南大学,江苏南京,智慧交通，绿色交通
三等奖,交叉路口车路协调信号同步系统,武汉理工大学,,2012,7,东南大学,江苏南京,智慧交通，绿色交通
三等奖,基于FRID和无线视频传输技术的司机主动参与的无人道口监控系统,中国矿业大学,,2012,7,东南大学,江苏南京,智慧交通，绿色交通
三等奖,铁路隧道风能及噪声综合发电装置,山东科技大学,,2012,7,东南大学,江苏南京,智慧交通，绿色交通
三等奖,智能型道路通行指示的调频语音装置,华中农业大学,,2012,7,东南大学,江苏南京,智慧交通，绿色交通
三等奖,基于物联网的智能停车系统,华中科技大学,,2012,7,东南大学,江苏南京,智慧交通，绿色交通
三等奖,发射式运输方式构想与设计,淮阴工学院,,2012,7,东南大学,江苏南京,智慧交通，绿色交通
三等奖,地铁车站客流集散的可视化微观仿真与评价,深圳大学,,2012,7,东南大学,江苏南京,智慧交通，绿色交通
三等奖,基于单片机的控制客车超载智能系统,东北林业大学,,2012,7,东南大学,江苏南京,智慧交通，绿色交通
优秀奖,制止车辆二次碾压的智能控制系统,合肥工业大学,,2012,7,东南大学,江苏南京,智慧交通，绿色交通
优秀奖,缩短乘客上下地铁时间优化设计,河海大学,,2012,7,东南大学,江苏南京,智慧交通，绿色交通
优秀奖,电动汽车充电站站点布置及内部结构设计,武汉科技大学,,2012,7,东南大学,江苏南京,智慧交通，绿色交通
优秀奖,货物运输在途装载状态检测及预警系统,兰州交通大学,,2012,7,东南大学,江苏南京,智慧交通，绿色交通
优秀奖,基于启发式算法校车运营管理的整合方案研究,华南理工大学,,2012,7,东南大学,江苏南京,智慧交通，绿色交通
优秀奖,交叉口大型车转弯的行人保护设计,河海大学,,2012,7,东南大学,江苏南京,智慧交通，绿色交通
优秀奖,基于“三省”理念的新型十字路口全互通式立体交叉设计 ,上海海事大学,,2012,7,东南大学,江苏南京,智慧交通，绿色交通
优秀奖,新型人性化公交站台系统设计 ,南京林业大学,,2012,7,东南大学,江苏南京,智慧交通，绿色交通
优秀奖,汽车怠速一氧化碳中毒预防控制系统 ,吉林大学,,2012,7,东南大学,江苏南京,智慧交通，绿色交通
优秀奖,平原地区农村道路事故多发点的典型路段设计,中国人民**大学,,2012,7,东南大学,江苏南京,智慧交通，绿色交通
优秀奖,滚轴式波形护栏初步设计与研究,新疆大学,,2012,7,东南大学,江苏南京,智慧交通，绿色交通
优秀奖,一种信号交叉口的自适应优化控制方法—基于车路协同系统的神经计算与模糊决策技术 ,北京航空航天大学,,2012,7,东南大学,江苏南京,智慧交通，绿色交通
优秀奖,城市中心商务区电动车出行诱导系统设计,福州大学,,2012,7,东南大学,江苏南京,智慧交通，绿色交通
优秀奖,公交物流配送系统的研究与应用,大连理工大学,,2012,7,东南大学,江苏南京,智慧交通，绿色交通
优秀奖,儿童出行行为特征及其交通政策影响研究,北京建筑工程学院,,2012,7,东南大学,江苏南京,智慧交通，绿色交通
,基于车路协同的高速/快速路合流区行车安全控制与系统实现,北京航空航天大学,,2011,6,长安大学,陕西西安,
,基于碳足迹测度模型的TransCAD二次开发,东南大学,,2011,6,长安大学,陕西西安,
,基于主动安全的便携式车辆感应系统,长安大学,,2011,6,长安大学,陕西西安,
,一种压电式路面能量收集系统的研究,同济大学,,2011,6,长安大学,陕西西安,
,基于3G手机GPS功能的公交行程时间采集方法研究  ,同济大学,,2011,6,长安大学,陕西西安,
,面向T形交叉口的公交优先控制策略及软件在环仿真实现,大连理工大学,,2011,6,长安大学,陕西西安,
,踩压点阵式人数检测装置的研发与应用,中山大学,,2011,6,长安大学,陕西西安,
,基于Google-CAD测量法的世界级CBD绿色交通比较研究,北京工业大学,,2011,6,长安大学,陕西西安,
,路用掺废旧橡胶微粒的弹性水泥基复合材料,河南理工大学,,2011,6,长安大学,陕西西安,
,基于车辆轨迹信息的线控协调,长沙理工大学,,2011,6,长安大学,陕西西安,
,基于车票识别的铁路客运站旅客引导系统,西南交通大学,,2011,6,长安大学,陕西西安,
,智能公交车运行及车内拥挤信息实时传递系统研究与实现,长安大学,,2011,6,长安大学,陕西西安,
,基于“一路少线”双向回路式公交线路系统研究与应用,华中科技大学,,2011,6,长安大学,陕西西安,
,广州快速公交站台性能分析,华南理工大学,,2011,6,长安大学,陕西西安,
,非机动车安全行为特性分析及改善,北京理工大学,,2011,6,长安大学,陕西西安,
,基于多路公交优先请求的群交叉口协调控制方法研究,合肥工业大学,,2011,6,长安大学,陕西西安,
,基于手机平台的通用化交通调查软件的研究及开发,武汉理工大学,,2011,6,长安大学,陕西西安,
,弯曲桥梁偏心杆组合式抗震吸能桥墩,武汉理工大学,,2011,6,长安大学,陕西西安,
,扑旋翼微型飞行器原理与样机验证,北京航空航天大学,,2011,6,长安大学,陕西西安,
,基于视觉原理的主动式交通安全设施设计与研究,华中科技大学,,2011,6,长安大学,陕西西安,
,无能源消耗的智能型高速公路收费站门禁装置,华中农业大学,,2011,6,长安大学,陕西西安,
,面向老龄驾驶员的危机识别及报警系统,中南大学,,2011,6,长安大学,陕西西安,
,基于实景交换和自动侦测技术的盘山公路转角预视系统,武汉科技大学,,2011,6,长安大学,陕西西安,
,增强型城市信号交叉口动态控制优化学习系统,北京工业大学,,2011,6,长安大学,陕西西安,
,基于运行速度进行线形质量检验的动态透视方法,大连理工大学,,2011,6,长安大学,陕西西安,
,波形钢腹板预应力混凝土（PC）箱梁受力性能研究,兰州交通大学,,2011,6,长安大学,陕西西安,
,基于Google Earth数字地球平台的三维校园建设实验研究,长沙理工大学,,2011,6,长安大学,陕西西安,
,基于交通安全的高速公路智能化异常信号感应及无线反馈系统的设计与实现,东南大学,,2011,6,长安大学,陕西西安,
,基于车联网的高速公路主动防撞系统,合肥工业大学,,2011,6,长安大学,陕西西安,
,汽车尾气温差发电装置,吉林大学,,2011,6,长安大学,陕西西安,
,基于GIS的城市道路交通噪声模拟与评估系统,中山大学,,2011,6,长安大学,陕西西安,
,纤维沥青加筋效果评价及设备研发,长安大学,,2011,6,长安大学,陕西西安,
,一种新型的开启桥,河海大学,,2011,6,长安大学,陕西西安,
,城市快速路瓶颈交通主动交通管理、仿真与评价,同济大学,,2011,6,长安大学,陕西西安,
,考虑行人违章的信号交叉口配时研究,北京理工大学,,2011,6,长安大学,陕西西安,
,基于手机平台的公交查询系统,清华大学,,2011,6,长安大学,陕西西安,
,基于Zigbee的“特权车”交通控制系统,中国矿业大学,,2011,6,长安大学,陕西西安,
,基于开源WebGIS的城市旅游交通电子地图开发研究,长沙理工大学,,2011,6,长安大学,陕西西安,
,乌鲁木齐市快速路匝道节能防水雨棚设计,新疆大学,,2011,6,长安大学,陕西西安,
,单车道交通灯无线信号控制装置研制,浙江师范大学,,2011,6,长安大学,陕西西安,
,基于区域性交通运输网络结构优化的建模及应用,大连交通大学,,2011,6,长安大学,陕西西安,
,居住区与轨道交通接驳公交线路布设方法与系统,北京工业大学,,2011,6,长安大学,陕西西安,
,基于重力感应的行人检测及动态信号配时设计,哈尔滨工业（威海）,,2011,6,长安大学,陕西西安,
,环保型公路隧道废气净化系统,合肥工业大学,,2011,6,长安大学,陕西西安,
,手机交通数据采集软件及其数据分析共享平台,北京理工大学珠海学院,,2011,6,长安大学,陕西西安,
,城市道路网等级级配研究,河南城建学院,,2011,6,长安大学,陕西西安,
,城市隧道快递系统设计研究,南京林业大学,,2011,6,长安大学,陕西西安,
,边坡地质灾害无线智能监控预警系统,贵州大学,,2011,6,长安大学,陕西西安,
,基于自动化技术防护疲劳驾驶的模拟汽车,西南交通大学,,2011,6,长安大学,陕西西安,
,列车废水回收再利用系统,中南大学,,2011,6,长安大学,陕西西安,
,汽车轮胎温度实时监测防爆装置,东北林业大学,,2011,6,长安大学,陕西西安,
,基于物联网技术的智能车辆管理系统,哈尔滨工程大学,,2011,6,长安大学,陕西西安,
,地铁换乘站行人行为与设施服务水平及其仿真研究,北京交通大学,,2011,6,长安大学,陕西西安,
,基于iPhone平台的校园导航系统的开发,北京交通大学,,2011,6,长安大学,陕西西安,
,基于驾驶员视觉与心理的新型交通指示牌设计,北京林业大学,,2011,6,长安大学,陕西西安,
,感应式盲铃设计与开发,桂林电子科技大学,,2011,6,长安大学,陕西西安,
,基于 Matlab Matlab 图像识别技术与广义最短距离的大型停车场智能管理系统开发  ,清华大学,,2011,6,长安大学,陕西西安,
,汽车被动安全座椅系统,山东交通学院,,2011,6,长安大学,陕西西安,
,节能型相变移动供热车,上海海事大学,,2011,6,长安大学,陕西西安,
,高速公路“实时融雪”系统,青岛理工大学,,2011,6,长安大学,陕西西安,
,基于节地的互通立交桥匝道圆曲线半径的研究,河北工业大学,,2011,6,长安大学,陕西西安,
,常发性事件下的城市应急车辆配置决策支持系统,南京农业大学,,2011,6,长安大学,陕西西安,
,基于仿真的机场滑行道模型优化算法及求解研究,中国民航大学,,2011,6,长安大学,陕西西安,
一等奖,交通监控实验系统设计与开发,桂林电子科技大学,,2010,5,武汉理工大学,湖北武汉,
一等奖,基于感应控制的路段行人安全过街智能系统,河海大学,,2010,5,武汉理工大学,湖北武汉,
一等奖,汽车落水应急浮起系统,吉林大学,,2010,5,武汉理工大学,湖北武汉,
一等奖,红绿色盲无障碍驾车的交通信号配色方案研究,中南大学,,2010,5,武汉理工大学,湖北武汉,
一等奖,模块化的交通信息视频采集教学软件开发,北京工业大学,,2010,5,武汉理工大学,湖北武汉,
一等奖,盲人公交出行辅助系统,南京理工大学,,2010,5,武汉理工大学,湖北武汉,
一等奖,反光式突起路标改良方案设计,南京林业大学,,2010,5,武汉理工大学,湖北武汉,
一等奖,交通稳静化新技术开发与应用,武汉理工大学,,2010,5,武汉理工大学,湖北武汉,
二等奖,四路环形交叉口感应控制策略研究,大连理工大学,,2010,5,武汉理工大学,湖北武汉,
二等奖,寒区冻土温度自动采集器,东北林业大学,,2010,5,武汉理工大学,湖北武汉,
二等奖,车路协同环境下信号控制交叉口主动安全信息服务系统,同济大学,,2010,5,武汉理工大学,湖北武汉,
二等奖,基于WIFI技术的危险路段车辆导航系统,中国矿业大学,,2010,5,武汉理工大学,湖北武汉,
二等奖,基于计算机仿真的铁路超限货物运输条件辅助决策系统的开发,北京交通大学,,2010,5,武汉理工大学,湖北武汉,
二等奖,无线网络构建下的智能信号灯系统,合肥工业大学,,2010,5,武汉理工大学,湖北武汉,
二等奖,“势能微动力”自动化轨道式停车场,南京林业大学,,2010,5,武汉理工大学,湖北武汉,
二等奖,公交车安全气压窗及火灾隐患监测预警器设计,西南交通大学,,2010,5,武汉理工大学,湖北武汉,
二等奖,进口道展宽段长度对信号交叉口通行能力的影响研究,东南大学,,2010,5,武汉理工大学,湖北武汉,
二等奖,基于自组织网络的交通诱导系统（TSSN）,华中科技大学,,2010,5,武汉理工大学,湖北武汉,
二等奖,公共自行车系统站点配车数和站间调度优化研究,武汉科技大学,,2010,5,武汉理工大学,湖北武汉,
二等奖,空地数据链信息处理系统及其应用设想,中国民航大学,,2010,5,武汉理工大学,湖北武汉,
二等奖,新型非对称防振减速带的设计,北京林业大学,,2010,5,武汉理工大学,湖北武汉,
二等奖,武汉市大型公交站点通行能力研究与优化设计,华中科技大学,,2010,5,武汉理工大学,湖北武汉,
二等奖,面向驾驶仿真的道路场景编辑系统,武汉理工大学,,2010,5,武汉理工大学,湖北武汉,
二等奖,构建基于高空飞艇的CNSATM系统研究,中国民航大学,,2010,5,武汉理工大学,湖北武汉,
二等奖,道路限高杆监测与警示系统,贵州大学,,2010,5,武汉理工大学,湖北武汉,
二等奖,青藏高原水泥关键性指标评价方法和设备研发——高海拔地区水泥安定性试验方法研究,长安大学,,2010,5,武汉理工大学,湖北武汉,
二等奖,基于matlab的BP神经网络和模板匹配相结合的车牌识别系统研究,清华大学,,2010,5,武汉理工大学,湖北武汉,
二等奖,汽车制动健康状况监测预警系统,中国矿业大学,,2010,5,武汉理工大学,湖北武汉,
二等奖,一种提高城市绿化面积利用率的单车位停车装置,长安大学,,2010,5,武汉理工大学,湖北武汉,
二等奖,桂林市旅游交通出行查询系统,桂林电子科技大学,,2010,5,武汉理工大学,湖北武汉,
二等奖,交通信号灯识认性研究,南京理工大学,,2010,5,武汉理工大学,湖北武汉,
二等奖,嵌入式手机软件“亚运小助手”,中山大学,,2010,5,武汉理工大学,湖北武汉,
二等奖,基于大学生出行特征与意愿的校园步行环境评价研究,北京工业大学,,2010,5,武汉理工大学,湖北武汉,
二等奖,基于视错觉原理的减速标线技术研究,东南大学,,2010,5,武汉理工大学,湖北武汉,
二等奖,基于LabVIEW的运动车辆多视距检测与咬合跟踪,西南交通大学,,2010,5,武汉理工大学,湖北武汉,
二等奖,基于手机电子地图的出租车叫车系统,中南大学,,2010,5,武汉理工大学,湖北武汉,
二等奖,交通视频监控中雾天图像恢复技术,北京理工大学,,2010,5,武汉理工大学,湖北武汉,
二等奖,便携式红外交通调查系统设计,东南大学,,2010,5,武汉理工大学,湖北武汉,
二等奖,车灯亮度自动补偿系统,吉林大学,,2010,5,武汉理工大学,湖北武汉,
二等奖,道路发电&低碳交通——压电叠堆理论在道路发电中的应用研究,清华大学,,2010,5,武汉理工大学,湖北武汉,
二等奖,基于伸缩杆控制的潮汐拥堵路段道路智能变宽系统设计,贵州大学,,2010,5,武汉理工大学,湖北武汉,
二等奖,面向道路监控的多维信息系统,合肥工业大学,,2010,5,武汉理工大学,湖北武汉,
二等奖,盲人道路指引传感器设计,上海海事大学,,2010,5,武汉理工大学,湖北武汉,
二等奖,中央分隔带防眩设施纵断面研究,同济大学,,2010,5,武汉理工大学,湖北武汉,
三等奖,以可变环岛为交通控制方式的新型环形交叉口设计研究,南京林业大学,,2010,5,武汉理工大学,湖北武汉,
三等奖,公交优先实时在线单点控制策略,青岛理工大学,,2010,5,武汉理工大学,湖北武汉,
三等奖,小车节能无动力单板转向装置,武汉理工大学,,2010,5,武汉理工大学,湖北武汉,
三等奖,城市CBD地区公交动态查询及行人诱导系统设计,西南交通大学,,2010,5,武汉理工大学,湖北武汉,
三等奖,基于Paramics二次开发的交通诱导与控制协同仿真技术研究,北京工业大学,,2010,5,武汉理工大学,湖北武汉,
三等奖,预应力装配式阻热水泥混凝土路面,长安大学,,2010,5,武汉理工大学,湖北武汉,
三等奖,高速公路隧道照明感应控制与关键技术研究,长沙理工大学,,2010,5,武汉理工大学,湖北武汉,
三等奖,网络型枢纽行李服务系统研究,同济大学,,2010,5,武汉理工大学,湖北武汉,
三等奖,用于十字路口车流量疏导的信号灯遥控系统,贵州大学,,2010,5,武汉理工大学,湖北武汉,
三等奖,动车组开行间隔对区间通过能力影响的研究,北京交通大学,,2010,5,武汉理工大学,湖北武汉,
三等奖,基于GPS/GIS雨感传感器的智能速度调适系统设计,北京理工大学,,2010,5,武汉理工大学,湖北武汉,
三等奖,山区公路感应式道路交通标志设计,河海大学,,2010,5,武汉理工大学,湖北武汉,
三等奖,非接触式车载酒精探测及酒驾控制系统,清华大学,,2010,5,武汉理工大学,湖北武汉,
三等奖,相变蓄冷冷藏汽车中的相变材料研究,上海海事大学,,2010,5,武汉理工大学,湖北武汉,
三等奖,基于声强的高速公路交通流状态分析系统研究与设计,浙江师范大学,,2010,5,武汉理工大学,湖北武汉,
三等奖,基于现有技术条件的悬索桥极限跨度的研究,中山大学,,2010,5,武汉理工大学,湖北武汉,
三等奖,基于色彩辨识的城市交通枢纽乘客视觉引导系统研究,北京交通大学,,2010,5,武汉理工大学,湖北武汉,
三等奖,基于红外技术的交通信号灯设计,北京林业大学,,2010,5,武汉理工大学,湖北武汉,
三等奖,出租车合乘路径选择与费用优化,长沙理工大学,,2010,5,武汉理工大学,湖北武汉,
三等奖,低等级公路弯道路侧护栏优化设计,河海大学,,2010,5,武汉理工大学,湖北武汉,
三等奖,主干道高精度交通数据采集系统设计与开发,北京航空航天大学,,2010,5,武汉理工大学,湖北武汉,
三等奖,控制大孔隙排水降噪理清混合料性能的关键技术,大连理工大学,,2010,5,武汉理工大学,湖北武汉,
三等奖,主动式车辆限速新方法研究,合肥工业大学,,2010,5,武汉理工大学,湖北武汉,
三等奖,基于出行时间连通可靠性的最优路径问题的混合遗传算法,中国矿业大学,,2010,5,武汉理工大学,湖北武汉,
三等奖,基于WebGiS的铁路旅客出行换乘方案的研究与开发,兰州交通大学,,2010,5,武汉理工大学,湖北武汉,
三等奖,“拉贡公路”交通景观改造设计,西藏大学,,2010,5,武汉理工大学,湖北武汉,
三等奖,连续传送式智能停车楼研制,扬州大学,,2010,5,武汉理工大学,湖北武汉,
三等奖,视频车辆检测系统检测精度及使用效果分析研究报告,中国人民公安大学,,2010,5,武汉理工大学,湖北武汉,
三等奖,居民出行调查数据管理系统开发,上海海事大学,,2010,5,武汉理工大学,湖北武汉,
三等奖,藏文交通标志标牌设计规范研究,西藏大学,,2010,5,武汉理工大学,湖北武汉,
三等奖,色彩在道路交通管理中的应用,浙江师范大学,,2010,5,武汉理工大学,湖北武汉,
三等奖,出租车均衡布局的价格静态调控及GPS动态调度优化方法,中南大学,,2010,5,武汉理工大学,湖北武汉,
三等奖,基于VISUAL STUDIO C#.NET船舶压缩空气系统的仿真与实现,大连海事大学,,2010,5,武汉理工大学,湖北武汉,
三等奖,基于压电陶瓷特性的铁路压力发电系统研究,东北林业大学,,2010,5,武汉理工大学,湖北武汉,
三等奖,停车场自动选择技术的实现分析,华中科技大学,,2010,5,武汉理工大学,湖北武汉,
三等奖,基于VISSIM的机场陆侧交通参数标定与应用,中国民航大学,,2010,5,武汉理工大学,湖北武汉,
三等奖,双型变形自行车设计,北京理工珠海学院,,2010,5,武汉理工大学,湖北武汉,
三等奖,有行人专用相位交叉口支路行人闯红灯行为分析及应对策略,哈尔滨工业大学（威海）,,2010,5,武汉理工大学,湖北武汉,
三等奖,基于压力传感器的混合交通参数采集方法研究,石家庄铁道大学,,2010,5,武汉理工大学,湖北武汉,
三等奖,冲击钻孔振动效应的监测及相关减震措施,西南科技大学,,2010,5,武汉理工大学,湖北武汉,
三等奖,公共自行车交通规划及评价研究,吉林建筑工程学院,,2010,5,武汉理工大学,湖北武汉,
三等奖,基于VBA的公铁联运物流决策支持系统开发,江苏大学,,2010,5,武汉理工大学,湖北武汉,
三等奖,布达拉宫核心区微观仿真平台的设计与实现,西藏大学,,2010,5,武汉理工大学,湖北武汉,
三等奖,电动自行车制动过程力学分析模型的研究,浙江师范大学,,2010,5,武汉理工大学,湖北武汉,
一等奖,基于智能车路环境的无信号交叉口车辆穿行引导系统,同济大学,,2009,4,北京交通大学,北京,
一等奖,四连杠杆式传动机构自行车研制,淮阴工学院,,2009,4,北京交通大学,北京,
一等奖,西北太平洋热带气旋对中国沿海商船航线影响研究,武汉理工大学,,2009,4,北京交通大学,北京,
二等奖,公路客运枢纽班线定站方法与软件实现,东南大学,,2009,4,北京交通大学,北京,
二等奖,汉字交通标志识别与可认知性研究,同济大学,,2009,4,北京交通大学,北京,
二等奖,锯齿形型公交专用进口道多目标优化控制系统研究,同济大学,,2009,4,北京交通大学,北京,
二等奖,公路隧道出入口太阳能视觉缓冲排架系统,长安大学,,2009,4,北京交通大学,北京,
二等奖,地铁列车在站停靠时间的建模及模型应用的研究,北京交通大学,,2009,4,北京交通大学,北京,
二等奖,三峡库区垃圾漂浮物打捞运输设备研制,南京林业大学,,2009,4,北京交通大学,北京,
二等奖,基于手机信号的城区交通流监测和停车诱导系统,西南交通大学,,2009,4,北京交通大学,北京,
二等奖,城轨列车再生制动飞轮储能系统优化设计,河海大学,,2009,4,北京交通大学,北京,
三等奖,城市公交路径及地理信息系统的研究与开发,兰州交通大学,,2009,4,北京交通大学,北京,
三等奖,桂林市交通管理设施网络信息平台,桂林电子科技大学,,2009,4,北京交通大学,北京,
三等奖,立交桥交通标识牌优化设计,清华大学,,2009,4,北京交通大学,北京,
三等奖,一类特殊功能型小区的单项交通组织优化设计方法,华南理工大学,,2009,4,北京交通大学,北京,
三等奖,运用ObjectARX优化VISSIM立交建模,华中科技大学,,2009,4,北京交通大学,北京,
三等奖,基于GT-GA-BPNN和Munsell-Moon.Spencer的城市道路交通色彩安全评价及调和研究,中国矿业大学,,2009,4,北京交通大学,北京,
三等奖,中型城市电子公交站牌系统对比研究与优化设计,清华大学,,2009,4,北京交通大学,北京,
三等奖,单交叉口Q学习信号控制优化模型,长沙理工大学,,2009,4,北京交通大学,北京,
三等奖,一种新型盲人交通工具——电子导盲犬,北京航空航天大学,,2009,4,北京交通大学,北京,
三等奖,地铁屏蔽门安全系统改进与创新设计,西南交通大学,,2009,4,北京交通大学,北京,
三等奖,港口集装箱堆场作业流程仿真分析,北京交通大学,,2009,4,北京交通大学,北京,
三等奖,驼峰式城市轨道优化设计,中南大学,,2009,4,北京交通大学,北京,
三等奖,露天停车场太阳能导标系统研发,深圳大学,,2009,4,北京交通大学,北京,
三等奖,基于视频的大型停车场寻车系统,北京理工大学,,2009,4,北京交通大学,北京,
三等奖,抗多路干扰分布式语音交通诱导系统方案研究,河海大学,,2009,4,北京交通大学,北京,
优秀奖,公交车乘客上下车请求及其统计系统,南京理工大学,,2009,4,北京交通大学,北京,
优秀奖,预防拥挤漂移的带约束K则最优路径算法,吉林大学,,2009,4,北京交通大学,北京,
优秀奖,信号交叉口交通信息采集方法研究,北京工业大学,,2009,4,北京交通大学,北京,
优秀奖,T型交叉口交通组织优化与设计,北京交通大学,,2009,4,北京交通大学,北京,
优秀奖,交通信号控制评价与优化决策辅助系统,中山大学,,2009,4,北京交通大学,北京,
优秀奖,公交空停控制系统,中南大学,,2009,4,北京交通大学,北京,
优秀奖,邯郸B公司运输网路设计与配送方案设计,武汉理工大学,,2009,4,北京交通大学,北京,
优秀奖,铁路大型客运站候车大厅运用优化研究,兰州交通大学,,2009,4,北京交通大学,北京,
优秀奖,南京公共自行车租赁模式可行性研究,南京林业大学,,2009,4,北京交通大学,北京,
优秀奖,基于Visual C++行人导航系统的研究与实现,华中科技大学,,2009,4,北京交通大学,北京,
优秀奖,非均匀路基的应力和位移场分析,山东科技大学,,2009,4,北京交通大学,北京,
优秀奖,道路超载自动检测控制系统设计,青岛理工大学,,2009,4,北京交通大学,北京,
一等奖, 城市快速路单进口匝道流入控制方法研究, 同济大学 ,,2008,3,西南交通大学,四川成都,
一等奖, 北京市公共汽电车中途站 人流组织分析、设计与仿真, 清华大学 ,,2008,3,西南交通大学,四川成都,
二等奖,信号控制交叉口车道功能动态利用管理系统     交通工程 ,同济大学,,2008,3,西南交通大学,四川成都,
二等奖, 基于B/S模式的居民OD调查统计分析软件的研究与开发,东南大学,,2008,3,西南交通大学,四川成都,
二等奖,新型自动车用安全带伺服系统的研制  ,吉林大学 ,,2008,3,西南交通大学,四川成都,
二等奖, 地铁车站客流服务水平与通道宽度关系研究     , 西南交通大学,,2008,3,西南交通大学,四川成都,
二等奖,城际客运专线折返站折返能力研究 , 西南交通大学,,2008,3,西南交通大学,四川成都,
二等奖, 大型停车场停车位导引及车辆查询系统设计       , 西南交通大学,,2008,3,西南交通大学,四川成都,
二等奖, 基于交通流仿真的交叉口信号优化算法—Green Signal的原理及应用 , 西南交通大学,,2008,3,西南交通大学,四川成都,
二等奖,基于运行时刻表的单点公交信号优先控制模型研究,吉林大学,,2008,3,西南交通大学,四川成都,
三等奖,公交站点乘降量协调性研究  , 长安大学 ,,2008,3,西南交通大学,四川成都,
三等奖, 城市干道智能可移动隔离护栏的优化设计 ,河海大学,,2008,3,西南交通大学,四川成都,
三等奖,钢轨轨面清洁智能小车设计构想,中南大学 ,,2008,3,西南交通大学,四川成都,
三等奖,基于射频技术的公交优先交通信号控制系统设计与开发, 桂林电子科技大学,,2008,3,西南交通大学,四川成都,
三等奖,干道过饱和交叉口群交通信号优化控制的仿真研究,西南交通大学,,2008,3,西南交通大学,四川成都,
三等奖,成府路五道口城铁站段拥堵原因和解决方法探究,清华大学 ,,2008,3,西南交通大学,四川成都,
三等奖,微循环公交系统设计的新思路 ,同济大学,,2008,3,西南交通大学,四川成都,
三等奖, 三段式履带车,河南科技大学 ,,2008,3,西南交通大学,四川成都,
三等奖,城市干道双向变速绿波带设计,河海大学 ,,2008,3,西南交通大学,四川成都,
三等奖,路中与路侧式公交专用道衔接处理协调控制方法研究,合肥工业大学,,2008,3,西南交通大学,四川成都,
三等奖,北京公交车车内空间布局利用的分析与设计 ,北京交通大学,,2008,3,西南交通大学,四川成都,
三等奖,广州大学城自行车租借服务规划 ,中山大学,,2008,3,西南交通大学,四川成都,
优胜奖,协调控制子区实时划分及Vissim仿真模拟,华南理工大学 ,,2008,3,西南交通大学,四川成都,
优胜奖, PUSH概念下的铁路客运站旅客出站信息诱导设计, 武汉理工大学  ,,2008,3,西南交通大学,四川成都,
优胜奖,基于VC++.NET的行人交通微观建模与仿真, 西华大学,,2008,3,西南交通大学,四川成都,
优胜奖,南京市公交路线查询（手机版）,东南大学 ,,2008,3,西南交通大学,四川成都,
优胜奖,基于BRT优先的信号控制系统,南京理工大学,,2008,3,西南交通大学,四川成都,
优胜奖,集装箱码头仿真实验平台,武汉理工大学 ,,2008,3,西南交通大学,四川成都,
优胜奖,基于第二代居民身份证的铁路客票短信服务系统设计 ,中南大学 ,,2008,3,西南交通大学,四川成都,
优胜奖,基于GIS的一体化公共交通出行查询系统 交通工程 ,南京理工大学,,2008,3,西南交通大学,四川成都,
优胜奖,北京市城市型旅游交通调查及旅游线路设计软件开发 ,北京工业大学,,2008,3,西南交通大学,四川成都,
优胜奖,基于元胞自动机的地铁人员疏散模型仿真,北京交通大学 ,,2008,3,西南交通大学,四川成都,
优胜奖, 城市公交汽车停靠呼叫系统设计 ,北京林业大学,,2008,3,西南交通大学,四川成都,
优胜奖,成品油配送“两规、一线”管理信息系统开发,新疆农业大学,,2008,3,西南交通大学,四川成都,
优胜奖,机场快线客运需求预测与运营方式研究,北京交通大学,,2008,3,西南交通大学,四川成都,
优胜奖,基于主控策略的干道优化综合疏解法研究, 石家庄铁道学院,,2008,3,西南交通大学,四川成都,
优胜奖,公交车站停靠点优化布局方案研究,北京理工大学 ,,2008,3,西南交通大学,四川成都,
优胜奖,北京市轨道交通换乘站研究（阜成门换乘站方案）,北京理工大学 ,,2008,3,西南交通大学,四川成都,
优胜奖,电动自行车“禁”“放”利弊分析  ,苏州科技学院 ,,2008,3,西南交通大学,四川成都,
优胜奖,交叉口的公交优先处理,华中科技大学,,2008,3,西南交通大学,四川成都,
优胜奖,福州市公共交通使用CNG的可行性研究,福州大学 ,,2008,3,西南交通大学,四川成都,
优胜奖,商业区畸形交叉口交通流组织方案设计,吉林建筑工程学院,,2008,3,西南交通大学,四川成都,
优胜奖,绵阳市中心城区交通拥塞治理, 西南科技大学 ,,2008,3,西南交通大学,四川成都,
优胜奖,利用常规公交完善轨道交通的前期网络,华中科技大学 ,,2008,3,西南交通大学,四川成都,
优胜奖,城市多路交叉口管理与控制方式研究,江苏大学 ,,2008,3,西南交通大学,四川成都,
优胜奖,兰州市安宁区新建道路交通量预测, 兰州交通大学,,2008,3,西南交通大学,四川成都,
优胜奖,电动自行车交通特性研究,南京林业大学,,2008,3,西南交通大学,四川成都,
优胜奖,“神偷”公路路面能量收集系统 ,西南交通大学,,2008,3,西南交通大学,四川成都,
优胜奖,基于车辆音频的谱相关车速估算技术研究, 中山大学 ,,2008,3,西南交通大学,四川成都,
优胜奖, 用于汽车的机械式巡航装置设计    ,南京农业大学,,2008,3,西南交通大学,四川成都,
优胜奖,新型道路限速器的设计与研究,贵州大学,,2008,3,西南交通大学,四川成都,
优胜奖,太原市老军营小区交通改善设计,太原科技大学,,2008,3,西南交通大学,四川成都,
优胜奖,多模交通标识系统人性化设计,华南理工大学,,2008,3,西南交通大学,四川成都,
优胜奖, 弧形双排抗滑桩新型结构体系研究,武汉理工大学 ,,2008,3,西南交通大学,四川成都,
优胜奖,汽车转向辅助照明装置设计,东北林业大学 ,,2008,3,西南交通大学,四川成都,
优胜奖,基于雪凝路面的新型无损路面全季节全气候条件下防滑轮胎的研究,贵州大学,,2008,3,西南交通大学,四川成都,
优胜奖,塌陷区道路防沉降创新技术－“暗浮桥”方法研究,中国矿业大学 ,,2008,3,西南交通大学,四川成都,
优胜奖,沙漠地区公路路堤横断面形式研究,北京工业大学 ,,2008,3,西南交通大学,四川成都,
优胜奖, 掺SBR的水泥稳定碎石材料性能试验研究,扬州大学,,2008,3,西南交通大学,四川成都,
优胜奖,路面用再生骨料混凝土耐磨性能试验研究,中南大学,,2008,3,西南交通大学,四川成都,
一等奖,城市高架快速车道中央隔离栏设计,河海大学,,2007,2,同济大学,上海,
一等奖,基于驾驶员视觉效应得城市隧道侧墙安全设计,同济大学,,2007,2,同济大学,上海,
二等奖,感应式路段平面行人过街控制系统研究,同济大学 ,,2007,2,同济大学,上海,
二等奖,出租车短距离自主呼叫系统设计,南京理工大学,,2007,2,同济大学,上海,
二等奖,不受统计尺度影响的交通事故黑点辨识新方法,武汉理工大学,,2007,2,同济大学,上海,
二等奖,基于HPSO算法的道路网络优化,北京交通大学 ,,2007,2,同济大学,上海,
二等奖,智能交通调查器的设计与开发,中山大学,,2007,2,同济大学,上海,
二等奖,清华大学周边道路网拥堵仿真分析与解决方案,清华大学,,2007,2,同济大学,上海,
三等奖,AMF_I型沥青混合料磨光仪的研发,长安大学,,2007,2,同济大学,上海,
三等奖,北京市交叉口冲突研究,北京工业大学,,2007,2,同济大学,上海,
三等奖,干道协议控制相位差优化方法研究,华南理工大学,,2007,2,同济大学,上海,
三等奖,聚酯纤维对水泥稳定碎石抗裂性能影响的研究,中国矿业大学  ,,2007,2,同济大学,上海,
三等奖,中关村核心地区交通阻塞分析及措施研究,北京理工大学,,2007,2,同济大学,上海,
三等奖,地铁轻轨牵引计算系统,西南交通大学,,2007,2,同济大学,上海,
三等奖,现代有轨电车在南京地区的适应性研究,东南大学,,2007,2,同济大学,上海,
三等奖,疏导环形交叉口的上游信号协调控制方法研究,吉林大学,,2007,2,同济大学,上海,
三等奖,桂林市停车场调查分析与网络问询系统设计,桂林电子科技大学,,2007,2,同济大学,上海,
三等奖,双通道港湾式公交站台的设计,南京林业大学 ,,2007,2,同济大学,上海,
优胜奖,双连拱互通隧道减缓隧道压力波的应用分析,中南大学  ,,2007,2,同济大学,上海,
优胜奖,成都市书蜀西路城市快速交通管制优化方案,西华大学  ,,2007,2,同济大学,上海,
优胜奖,中关村核心商务区停车交通组织与优化,北京林业大学 ,,2007,2,同济大学,上海,
优胜奖,城市坡路路面节能环保防积雪技术研究,东北林业大学,,2007,2,同济大学,上海,
优胜奖,武汉光谷广场交通枢纽规划与设计,华中科技大学,,2007,2,同济大学,上海,
优胜奖,公交枢纽站出入口行人安全设施设置研究,福州大学,,2007,2,同济大学,上海,
一等奖,停靠站最佳线路容量研究,同济大学,,2006,1,同济大学,上海,
一等奖,城市轨道交通系统故障处置预案的研究与仿真,同济大学 ,,2006,1,同济大学,上海,
二等奖,废旧混凝土的再生利用研究,东南大学,,2006,1,同济大学,上海,
二等奖,短期交通流预测模型研究,清华大学 ,,2006,1,同济大学,上海,
二等奖,基于Arena的客运站系统仿真建模,武汉理工大学,,2006,1,同济大学,上海,
二等奖,基于音频信号的道路交通堵塞检测方法研究,吉林大学 ,,2006,1,同济大学,上海,
二等奖,同济大学多校区间公共交通服务系统服务,同济大学 ,,2006,1,同济大学,上海,
三等奖,北京市城市交叉口安全研究------提高交通弱势群体的安全性研究,北京工业大学,,2006,1,同济大学,上海,
三等奖,T型轨道静态几何参数检查仪的研制,中南大学,,2006,1,同济大学,上海,
三等奖,平面交叉口人行横道和停车线的设计研究,北京交通大学,,2006,1,同济大学,上海,
三等奖,“白色家电”再制造物流中心设计与方案模拟,吉林大学,,2006,1,同济大学,上海,
三等奖,曲线出入口隧道交通模拟与交通安全设计,武汉理工大学,,2006,1,同济大学,上海,
三等奖,城市公共交通末段服务系统研究,西南交通大学,,2006,1,同济大学,上海,
三等奖,华南理工大学校园交通规划与改善方案研究,华南理工大学,,2006,1,同济大学,上海,
三等奖,客运站行车组织作业计算机仿真,中南大学 ,,2006,1,同济大学,上海,
三等奖,干线单向绿波协调控制设计,华中科技大学,,2006,1,同济大学,上海,
三等奖,城市中心区（南京新街口）的交叉口时空资源利用,东南大学,,2006,1,同济大学,上海,
优胜奖,城市道路拥挤收费技术研究,同济大学,,2006,1,同济大学,上海,
优胜奖,供应链中的牛鞭效应及其研究,同济大学,,2006,1,同济大学,上海,
优胜奖,城际快运物流方案优化研究,同济大学,,2006,1,同济大学,上海,
优胜奖,停车场内部引导系统,同济大学,,2006,1,同济大学,上海,
优胜奖,基于GPS浮动车数据的地图匹配算法及其程序实现,同济大学,,2006,1,同济大学,上海,
优胜奖,北京地铁车站行人交通环境研究,北京工业大学,,2006,1,同济大学,上海,
优胜奖,基于C—D增长函数的信息化对于铁路运输经济增长的定量研究,北京交通大学,,2006,1,同济大学,上海,
优胜奖,基于VISSIM仿真的信号交叉口优化方法研究,北京交通大学,,2006,1,同济大学,上海,
优胜奖,南京常规公交服务水平、运营模式的调查与分析,东南大学,,2006,1,同济大学,上海,
优胜奖,南京汽车北站站前交通流组织方案设计,东南大学,,2006,1,同济大学,上海,
优胜奖,大学校园高峰时段交通分析与组织——华中科技大学校园问题研究与改善方案,华中科技大学,,2006,1,同济大学,上海,
优胜奖,武汉市卓刀泉立体交叉设计,华中科技大学,,2006,1,同济大学,上海,
优胜奖,月球车动力学仿真分析,吉林大学,,2006,1,同济大学,上海,
优胜奖,双前轴转向汽车车轮侧滑检测系统,吉林大学,,2006,1,同济大学,上海,
优胜奖,城市道路交叉口设计系统,清华大学 ,,2006,1,同济大学,上海,
优胜奖,我国综合交通网络布局规划研究,清华大学 ,,2006,1,同济大学,上海,
优胜奖,混凝土缺陷无损检测与智能评判技术,武汉理工大学,,2006,1,同济大学,上海,
优胜奖,拱形单元组合抗滑桩体型研究,武汉理工大学 ,,2006,1,同济大学,上海,
优胜奖,基于以太网的超生泊车流量自动监测系统,武汉理工大学,,2006,1,同济大学,上海,
优胜奖,考虑混合交通流的交叉口信号设计软件开发,武汉理工大学,,2006,1,同济大学,上海,
优胜奖,客运专线车站各种运输方式换乘问题研究,西南交通大学,,2006,1,同济大学,上海,